,lgb_importance,cat_importance,xgb_importance,normalized_importance
amount_min,81.2,11.344294019862723,0.011730513535439968,0.0571015250490032
karta_max,60.0,4.189131106964696,0.006468430859968066,0.02748225915529785
bank_mean,59.6,3.4948860874503094,0.00844394660089165,0.025750865366467687
naqd_mean,59.400000000000006,2.9352559469628194,0.006263640127144754,0.023120788259430727
bank_turnover_ratio,41.599999999999994,2.724052627899422,0.00748194963671267,0.019452051291538916
bank_max,27.400000000000002,2.1202111867185565,0.007188604795373976,0.014652376513073237
naqd_sum,27.6,2.0829413750998946,0.006710444809868932,0.014406631630489377
naqd_max,32.0,1.2177417913534454,0.005372095096390694,0.011909755095886819
bank_sum,16.0,1.849334567492193,0.0077711447374895215,0.011784788843125242
chiqim_max,23.8,1.430826070555189,0.005367375910282135,0.01106560912216349
karta_turnover_ratio,26.6,1.1867464826271044,0.006046821130439639,0.011008735010255686
amount_max,13.8,1.651614771295086,0.005692121048923582,0.010016095639036228
naqd_turnover_ratio,25.2,1.0254077729923978,0.005472281773108989,0.01001430480546694
min_amount_zscore,25.6,0.7079442296035857,0.004931049596052617,0.008851431237182851
night_ratio,28.400000000000002,0.46655731282056795,0.0044930704170838,0.008431057897654215
chiqim_ratio_14d,17.4,0.8096227423237818,0.0050169285968877375,0.007666132104038843
max_60d,16.4,0.8578632608320257,0.005091504077427089,0.007662419906004916
naqd_ratio,22.6,0.5417423404009696,0.00468603236367926,0.00764763526999913
bank_chiqim_count,19.0,0.6139551453501473,0.0047026893007569015,0.007212156220882213
chiqim_ratio_3d,11.200000000000001,1.017455015169427,0.0048099393607117236,0.0071158009323313435
weekend_ratio,22.0,0.4354469878924214,0.004361683677416295,0.007071577748134876
chiqim_ratio_30d,14.0,0.7235543984794233,0.004683398059569299,0.006624194551941061
amount_range,10.800000000000002,0.8347830984739886,0.004932107345666736,0.006471868236902501
max_14d,16.0,0.5538184185018181,0.004464145458769053,0.006364068591665324
history_span_days,17.8,0.45212722558046314,0.004382940591312945,0.0063389000152001005
velocity_sum_7d_to_30d,15.2,0.5984139169529099,0.004320414562243968,0.00631331201869301
last3_max_amount,15.000000000000002,0.5345875258769056,0.004764507757499814,0.0062107139622604975
karta_mean,12.0,0.6645315806753791,0.004984167928341776,0.006148963608818337
chiqim_ratio_7d,12.2,0.627693084214229,0.004836313892155886,0.0060147584260583165
kirim_std,13.2,0.5346645347675462,0.005183172586839646,0.0060096552454333915
chiqim_ratio_24h,12.4,0.5845822814988499,0.005109592748340219,0.006000023185969616
spike_naqd_24h,14.6,0.47988587303081837,0.004712162131909281,0.005935177609731542
karta_sum,12.6,0.4790858618960761,0.00572347838897258,0.00589087148391657
burst_ratio_15m,14.799999999999999,0.34630587464959406,0.005184819630812854,0.005685337931376838
chiqim_mean,12.0,0.4652489761539178,0.0052615629392676055,0.005577153263657129
naqd_chiqim_count,12.200000000000001,0.5012183294509039,0.0047367612132802606,0.005559991684031629
velocity_tx_24h_to_30d,13.000000000000002,0.4550799917931298,0.004606560862157494,0.0055142950441590234
velocity_sum_24h_to_7d,12.4,0.5091621830113549,0.004272029094863683,0.005469434974388353
spike_chiqim_7d,12.2,0.4989445677230323,0.004425830440595746,0.0054487688878236485
velocity_sum_24h_to_30d,10.6,0.5591703971891163,0.004386801738291979,0.005333516213650795
velocity_tx_24h_to_7d,13.2,0.40911016233205005,0.004345637105870992,0.0053119621781947115
chiqim_sum,8.4,0.5748660452026102,0.00539975386345759,0.0053068664237348765
chiqim_count,9.8,0.5416928582332413,0.004792240739334375,0.005258906147722595
bank_ratio,13.600000000000001,0.2890265961792454,0.005010483902879059,0.005209048190320451
velocity_tx_3d_to_30d,11.2,0.4321383620069571,0.004866432631388307,0.005183576511934193
kirim_max,7.4,0.666163023910419,0.004672241222579032,0.005179313053711828
amount_std,10.8,0.4661182191207831,0.004688002343755215,0.0051616169721051255
last1_amount,8.4,0.612328772554178,0.004413319344166666,0.005102930676559439
small_count,8.399999999999999,0.5493771268037473,0.004995650378987193,0.005087202201495409
naqd_ratio_14d,10.2,0.4976785938525808,0.004487639467697591,0.005086407144265787
mean_30d,5.8,0.6950304497396778,0.0049296183860860765,0.005058334322260917
signal_month,11.6,0.4101322663663587,0.004230638791341335,0.004974040548616387
spike_naqd_7d,12.4,0.30090648272833065,0.004851415113080293,0.004968377978685265
naqd_ratio_60d,10.399999999999999,0.4348796127595682,0.00446110958000645,0.004906108395390279
max_amount_zscore,10.6,0.41263201771639296,0.004507546662352979,0.0048853032565886875
spike_chiqim_24h,11.4,0.3940467778140935,0.004215156135614961,0.0048773868842621184
kirim_mean,7.3999999999999995,0.5203122419584194,0.005115828535053879,0.004841006217393213
flow_pass_through_ratio,11.2,0.3901337786559146,0.0041784041677601635,0.004814218413875867
chiqim_ratio_60d,10.2,0.38903562630217625,0.004555939929559827,0.004747030739620452
xalqaro_sum,11.600000000000001,0.2854138894711921,0.004683794570155442,0.00470936455125323
xalqaro_turnover_ratio,10.4,0.3605724084315473,0.004568663891404867,0.004694269151275256
kirim_sum,4.6,0.6289621698464706,0.005177028710022569,0.004693329926479558
xalqaro_ratio,10.2,0.3539915684419677,0.004598781815730035,0.0046444978420816475
last3_mean_amount,9.200000000000001,0.41833015154041614,0.004506970930378884,0.0046389837376238
tx_ratio_3d,8.2,0.4261477326423984,0.004974645795300603,0.004631561542465384
chiqim_std,10.6,0.29819050900847743,0.004883886082097888,0.0046292780336035936
very_large_count,3.8,0.6747739141019663,0.004937095392961055,0.004614560032814577
xalqaro_ratio_60d,9.600000000000001,0.36045916861892546,0.004713534959591925,0.004590684105246909
naqd_ratio_30d,11.0,0.3113898239517503,0.004258046217728406,0.004540411430776895
std_60d,11.0,0.26585537289232375,0.0046540635521523654,0.004520635704818196
spike_xalqaro_7d,11.0,0.30332541919711176,0.004262811504304409,0.004515118510446592
xalqaro_mean,10.2,0.3396669342645711,0.004310195567086339,0.00450055364569011
last5_mean_amount,9.399999999999999,0.3929805027704275,0.004213537322357297,0.004494548190098107
last1_amount_zscore,10.4,0.2922284440139775,0.004388745641335845,0.004406483186785341
tx_ratio_14d,9.0,0.32229971927406376,0.004610896925441921,0.004315649810980933
mean_7d,8.4,0.3421854479219302,0.004687036387622356,0.004293691941877511
velocity_tx_7d_to_30d,7.399999999999999,0.420487845350634,0.004225600627250969,0.004211515594044472
bank_count,6.800000000000001,0.35773882193282364,0.005187153758015484,0.004209246439645553
std_7d,6.799999999999999,0.38635045402653445,0.0048578004934825,0.004194834125586477
bank_count_60d,9.6,0.22158290544085119,0.004695331328548491,0.004121695350998319
max_30d,6.6,0.39090236004854373,0.00470229989150539,0.004120299127930581
kirim_ratio,5.4,0.48054624543759905,0.0044421961065381765,0.004105163914184212
last1_amount_vs_mean,8.8,0.30651643806613305,0.00417551287682727,0.004080036374081244
karta_ratio,7.8,0.3600348329927832,0.004133421694859862,0.004055028210107263
chiqim_count_60d,9.0,0.30533871464050827,0.003992506361100823,0.00405298294164326
tx_per_active_day,7.2,0.2881265537122419,0.00514038244727999,0.004037364076652582
mean_60d,5.8,0.30985091762378714,0.005657659901771694,0.004017083052724507
std_24h,10.999999999999998,0.1453720992217935,0.0043052794062532485,0.004002763411117503
signal_day,7.6000000000000005,0.3599605028247223,0.0040743028512224555,0.003997199677792649
max_24h,6.2,0.38261953679510874,0.004586208786349744,0.003978243714280286
mean_14d,6.0,0.36634685878957085,0.004757965391036123,0.00394337917161719
burst_ratio_5m,6.2,0.3245323030788562,0.005010411725379527,0.003926020580960306
naqd_count,7.6,0.2941625743217864,0.004458644019905478,0.0039059869717920376
std_14d,8.4,0.22979602857402204,0.004604152461979538,0.0038914325689558813
max_7d,5.6,0.41599777273299354,0.004291143210139126,0.00387752585721288
tx_ratio_30d,6.0,0.36640115059299705,0.004377240082249045,0.003816651708579559
amount_mean,3.1999999999999997,0.45199926994340334,0.005060976487584412,0.0037996481317688173
naqd_ratio_7d,6.6,0.3056422199388056,0.004577844112645835,0.0037946134014569615
amount_median,5.0,0.33623177448655983,0.005141649045981467,0.0037815176885705993
tx_ratio_7d,6.0,0.2914358001528928,0.004864041169639677,0.0037290342355438127
max_3d,5.8,0.3426847529045991,0.004388387780636549,0.0037034384651045728
large_count,4.800000000000001,0.3088989226579378,0.005280864308588207,0.0036989387858507327
karta_chiqim_count,8.4,0.18845502305911402,0.004300715052522719,0.003652483414522921
diff_hours_median,8.0,0.20206206018451583,0.004312639823183417,0.0036260661605570592
signal_dayofweek,4.4,0.4065295375442863,0.0041791172116063535,0.0035813761701395073
last1_is_chiqim,2.0,0.4249581217939186,0.005355610570404679,0.003580475428026655
kirim_chiqim_count_ratio,3.1999999999999997,0.4438971416373011,0.004422537633217871,0.003559828086876293
xalqaro_ratio_24h,2.4,0.48645608725203515,0.004431574663612992,0.003553205646536847
xalqaro_max,7.0,0.2204131104361572,0.004455910297110677,0.0035456207326984637
naqd_kirim_count,4.2,0.33996425431119287,0.004848454613238573,0.0035447298749854196
diff_hours_mean,4.0,0.3367838774760381,0.004979960212949663,0.003540089334622963
bank_kirim_count,4.0,0.4182372346289686,0.004162929661106318,0.0035392570090247003
amount_sum,5.8,0.24181556340935897,0.004859234148170799,0.0035241566219558194
std_3d,6.8,0.22524240169927312,0.00443881715182215,0.003518146171210394
chiqim_ratio,6.200000000000001,0.2900516262488727,0.004065775778144598,0.003496206343805016
mean_24h,4.4,0.35116207150709444,0.004448323859833181,0.003486553499037953
burst_ratio_1h,6.4,0.21043538396164374,0.004708297608885914,0.003482867296132322
last3_sum_amount,4.8,0.30884428025020383,0.004539544926956296,0.003451650185012027
xalqaro_ratio_14d,2.6,0.35635998508385885,0.005292616493534297,0.00344444039867391
sum_60d,5.0,0.32779748212297277,0.00421100651146844,0.0034431892038571735
tx_60d,5.2,0.20091900818380395,0.005343878990970552,0.003435759599560905
net_flow,6.000000000000001,0.244634042511054,0.004378364596050233,0.0034111361862385315
xalqaro_ratio_30d,5.0,0.31887625034942213,0.004200051655061543,0.0034098001458254344
sum_24h,5.0,0.3072800013518175,0.00431444839341566,0.003409278228453875
karta_count,4.2,0.2785527123558198,0.004930974275339395,0.0033675312890493023
last5_chiqim_ratio,3.5999999999999996,0.36487325941104704,0.0042554145329631865,0.003316456414197483
tx_count,5.8,0.2306990905184904,0.004260139539837837,0.0032874035104021107
tx_ratio_24h,4.8,0.24973088842666907,0.004608767980244011,0.0032776798965967607
last1_diff_hours,6.4,0.21497729787094372,0.004043223103508353,0.003276315508325708
last5_sum_amount,3.5999999999999996,0.3371438238100388,0.004334044700954109,0.0032502350180782006
bank_count_30d,4.6000000000000005,0.27027012701279235,0.0044201749842613935,0.0032454052095335895
naqd_ratio_3d,5.6,0.2980975774597029,0.0035021189250983298,0.003221517112421185
karta_count_30d,6.0,0.15450026927649743,0.0046861807350069284,0.0032132956546669484
tx_ratio_60d,6.4,0.18943279765589452,0.00410601933253929,0.0032120992505290276
sum_14d,4.6,0.27199025471347676,0.0042036366648972034,0.0031789595290587103
karta_count_60d,4.800000000000001,0.2132082120537078,0.00462928757769987,0.003162777507809381
naqd_count_30d,4.800000000000001,0.2092715538844039,0.004565814568195492,0.0031284976441680427
std_30d,3.4,0.31055868792457825,0.004322311491705477,0.003119832344767145
night_count_60d,5.199999999999999,0.21786687640728838,0.004210820829030126,0.0031145664412858764
sum_7d,2.6000000000000005,0.31901740745030105,0.00456202938221395,0.00307643610383757
burst_1h_count,3.6,0.25238897811679656,0.004637789388652891,0.0030689670945642073
naqd_count_60d,3.6,0.25109313020744073,0.004600411106366664,0.003052188174157946
signal_quarter,0.6000000000000001,0.4508286446278039,0.004233700747136027,0.0030276191769397893
bank_count_7d,4.800000000000001,0.13465717313672793,0.00496191845741123,0.0030118176708456464
karta_kirim_count,3.4,0.24806424767418905,0.004538452310953289,0.002983564483371453
chiqim_count_30d,2.8000000000000003,0.21977474445345124,0.0049918522709049284,0.002926776006754752
xalqaro_ratio_7d,2.4,0.25786656242289974,0.004814394691493362,0.0029188472391835376
kirim_count_60d,4.0,0.16855534535718858,0.004687319044023752,0.0028817805050049988
sum_3d,4.6,0.13363607195064334,0.0046209029969759285,0.0028568676966097342
night_count_30d,5.8,0.07180259054275942,0.004469912499189377,0.002827672829965664
last3_chiqim_count,3.6,0.2393440214032515,0.003957620239816606,0.002798760856883542
bank_count_14d,3.6,0.14371025697301174,0.004904627858195454,0.002795650846882655
mean_3d,3.4000000000000004,0.1771964118845776,0.004643968073651195,0.002782510284820551
sum_30d,4.4,0.11644402330592424,0.004670571535825729,0.0027782425633791352
karta_count_24h,1.8,0.18877296329850501,0.00510262610623613,0.002670988928055503
hours_to_last_tx,4.4,0.11400731282038945,0.004370570590253919,0.0026701198803341535
chiqim_count_3d,1.2,0.20582782089952337,0.005223995656706393,0.0026546715181609225
turnover,1.2000000000000002,0.30512610643264604,0.004221154551487416,0.0026513854363048746
kirim_count,2.8,0.16350361788237383,0.0047155608190223575,0.002647108434620333
naqd_ratio_24h,4.2,0.16280067520321864,0.003839464334305376,0.002617854519763137
active_days,3.6000000000000005,0.08167147495972842,0.004849403281696141,0.0025704467147512305
bank_count_3d,2.2,0.13786477078088824,0.005075639404822141,0.002568048353817844
burst_15m_30d,0.8,0.16225385818319898,0.005594317161012441,0.0025571165087565086
xalqaro_ratio_3d,1.4,0.18143546109744838,0.004936958604957908,0.002515559119276792
xalqaro_kirim_count,2.6,0.2007215970388906,0.0039746640250086784,0.002486328284241111
burst_5m_count,1.6,0.21624166062191358,0.0043125004158355296,0.0024613015395076295
kirim_count_14d,2.0,0.1434396389166206,0.0046990293194539845,0.002423220069061476
naqd_count_14d,1.4,0.16852868039116242,0.0047610772016923875,0.002413909382753194
karta_count_7d,2.0,0.1474063252025663,0.004613309632986784,0.00240786912798197
kirim_count_30d,2.5999999999999996,0.15146234174709705,0.004203457268886268,0.0023983951808991635
chiqim_count_7d,2.1999999999999997,0.11014174259378888,0.004830029385630041,0.002393768253816123
kirim_count_24h,2.2,0.18553841138794225,0.004069979826454073,0.0023917406311625825
last3_naqd_count,0.6000000000000001,0.17442816845271952,0.005008001142414287,0.0023643843870038623
tx_7d,1.4,0.174785611561928,0.004521784721873701,0.0023550016603930903
burst_15m_count,1.4,0.14008468472075186,0.004820747068151832,0.0023389860192526337
large_count_60d,0.8,0.13152022615524564,0.00524588453117758,0.0023385268592186533
chiqim_count_14d,1.2000000000000002,0.1731168012768055,0.004599050269462168,0.0023373196579010783
karta_count_3d,1.7999999999999998,0.117133987779984,0.004817999724764377,0.0023373168829118455
naqd_count_24h,1.7999999999999998,0.21933740755202424,0.0037831453955732286,0.0023330435072407628
bank_count_24h,2.6,0.09994562024095956,0.004506487166509032,0.002327682741317873
kirim_count_7d,1.4,0.1272114073545457,0.0049153768341057,0.002327618349880701
naqd_count_7d,1.2000000000000002,0.10549717972643169,0.00516383710782975,0.002300183198044778
last1_hours_before,1.4,0.2057584572557702,0.00404120929306373,0.002298052670459246
tx_24h,0.6000000000000001,0.12791219780513646,0.005154840997420251,0.0022582777696364092
kirim_count_3d,1.6,0.11634071838457868,0.00460727111203596,0.002226555297026761
night_count_14d,1.4000000000000001,0.17250364849741132,0.004002813628176227,0.0021744047530240103
karta_count_14d,1.6,0.10448408811995913,0.004568298812955618,0.0021740424298405383
burst_15m_14d,0.0,0.20282705739438353,0.004304926376789808,0.002111065644063582
chiqim_count_24h,2.2,0.11429742506889234,0.003914423461537808,0.002102418555350341
tx_14d,1.5999999999999999,0.14881287246532335,0.0038632386131212115,0.0020867849787259344
xalqaro_chiqim_count,1.0,0.10165733243863236,0.0045366165577434,0.0020404357073303975
tx_30d,0.8,0.1575773646452901,0.003608997678384185,0.0018797550389378934
last1_is_bank,0.6000000000000001,0.1319572152988107,0.003955658292397857,0.0018720335946629653
burst_15m_24h,0.6,0.07247768096229759,0.0045420509413816035,0.0018692326956939013
xalqaro_count_60d,1.4,0.17393900235110796,0.0029938957886770368,0.0018428833208185282
xalqaro_count,1.0,0.10106333675530647,0.0039377358625642955,0.0018388288241861425
naqd_count_3d,1.2,0.1224333621249759,0.0034399500000290573,0.0017820081059148325
night_count_7d,2.2,0.11533580496384195,0.002874772355426103,0.0017593294544556574
burst_15m_60d,0.6000000000000001,0.09284571968012326,0.0038289945223368704,0.0016994406860955408
night_count_3d,1.2,0.11265917818449744,0.0031588056299369782,0.0016557127031528753
tx_3d,0.6000000000000001,0.06250532656738109,0.003996453277068213,0.0016541256270564124
last5_naqd_ratio,0.0,0.13239670143883714,0.003610802406910807,0.0016449231352487091
large_count_30d,0.6000000000000001,0.10436901965864126,0.0032926443964242935,0.001559068311489828
xalqaro_count_30d,0.0,0.11818620105188171,0.0034793694503605366,0.0015537438152974775
burst_15m_3d,0.4,0.09763128290021714,0.003399674315005541,0.0015344113443750012
burst_15m_7d,0.6,0.14383183828407334,0.00276281894184649,0.0015140025561427174
large_count_7d,0.2,0.06353947019568498,0.003692444006446749,0.0014804873814597854
night_count_24h,0.8,0.016625654358231823,0.0035818640026263893,0.0014008714461007257
xalqaro_count_14d,0.0,0.1250192583857025,0.0029149436741136014,0.0013883787484716313
diff_hours_min,0.4,0.05737111647686126,0.0032643346348777413,0.0013550975631155344
large_count_14d,1.0,0.11468007287484884,0.002145702426787466,0.0012868734685653224
large_count_3d,0.8,0.10241474459062645,0.0023120378027670085,0.0012635596820787835
large_count_24h,0.6000000000000001,0.06393120437464951,0.002731154003413394,0.001237112130345737
xalqaro_count_3d,0.0,0.20077248247763396,0.0017007881542667747,0.0012361709905723984
last1_is_night,1.8,0.0,0.002552972931880504,0.0011918613292693752
xalqaro_count_24h,0.2,0.12110229263806872,0.0014853114262223244,0.0009366525993618995
xalqaro_count_7d,0.0,0.11140942304712052,0.0013140087248757482,0.0008093676498956785
last1_is_karta,0.6000000000000001,0.04866565150706718,0.0015736357308924198,0.0008003875316087565
signal_is_monthend,0.2,0.12251607075951629,0.0010574375046417117,0.0007987405531875236
signal_is_weekend,0.2,0.03547483441798671,0.0017532756319269538,0.0007405491401450958
last3_large_count,0.0,0.026911403112618693,0.0018536539864726365,0.0007075893365381518
last1_is_naqd,0.0,0.058169194244352795,0.0006933381082490087,0.0004250100159020249
last5_burst_count,0.0,0.01749905317383947,0.0008877728832885623,0.00035425447040099786
last3_xalqaro_count,0.0,0.06714841206109924,0.0,0.00022382804020366407
last1_is_large,0.0,0.046137854182368605,0.0,0.000153792847274562
last1_is_xalqaro,0.0,0.012447028752879856,0.0,4.149009584293284e-05
